<?xml version="1.0" encoding="UTF-8"?>
<!-- 
    Allows contributing to the values presented on content completion for element and attribute values.
    You can append to the values obtained from the schema or replace them all together.
    These values can be given as literal values or they can be obtained by executing an XSLT script.
    
    IMPORTANT: This file must be saved as cc_config.xml in a folder that is present in the Classpath
    of the Document Type (or framework).
-->
<?xml-model href="http://www.oxygenxml.com/ns/ccfilter/config/ccConfigSchemaFilter.sch" type="application/xml" schematypens="http://purl.oclc.org/dsdl/schematron"?>
<config xmlns:xsi="http://www.w3.org/2001/XMLSchema-instance" xsi:schemaLocation="http://www.oxygenxml.com/ns/ccfilter/config http://www.oxygenxml.com/ns/ccfilter/config/ccConfigSchemaFilter.xsd" xmlns="http://www.oxygenxml.com/ns/ccfilter/config">

<!-- Adds two values for an attribute with the local name "type", from any namespace -->
<match attributeName="platform" editable="onlyAllowedItems">
<items>
<item value="software"/>
<item value="hardware"/>
</items>
</match>

<match attributeName="outputclass" editable="onlyAllowedItems">
<items>
<item value="black"/>
<item value="blue"/>
<item value="green"/>
<item value="orange"/>
<item value="salmon"/>
<item value="yellow"/>
<item value="tables"/>
<item value="callouttable"/>
<item value="titles"/>
<item value="heading"/>
<item value="topicpage"/>
<item value="maptitletoc"/>
<item value="calloutkey"/>
<item value="phindex"/>
<item value="gauge"/>
<item value="distance"/>
<item value="torque"/>
<item value="mc_degrees"/>
<item value="pressure"/>
<item value="other"/>
<item value="dpi"/>
<item value="fmdpi:150"/>
<item value="fmdpi:300"/>
<item value="fmdpi:600"/>
</items>
</match>

<match attributeName="otherprops" editable="onlyAllowedItems">
<items>
<item value="prewinders"/>
<item value="blue11"/>
<item value="blue22"/>
<item value="blue22_easyset"/>
<item value="filling_detectors"></item>
<item value="fd_next_to_reed"></item>
<item value="fd_in_front_of_reed"></item>
<item value="fd_argus"></item>
</items>
</match>

<match attributeName="product" editable="onlyAllowedItems">
<items>
<item value="omniplus_i"/>
<item value="omniplus_summum"/>
<item value="optimax_i"/>
<item value="terrymax_i"/>
<item value="terryplus_summum"/>
</items>
</match>

<match attributeName="deliveryTarget" editable="onlyAllowedItems">
<items>
<item value="print"/>
<item value="screen"/>
</items>
</match>

</config>
